{
  "total_return": 0.3305128048468635,
  "max_drawdown": -0.8006767129869192,
  "sharpe_ratio": 0.31947605887446473,
  "final_equity": 13305.128048468636
}