{
  "total_return": 0.3512310883836607,
  "max_drawdown": -0.1018416562104234,
  "sharpe_ratio": 5.565526704039571,
  "final_equity": 13512.310883836606
}